symbol,hist_total_trades,hist_win_rate,hist_avg_pnl,hist_avg_score,hist_strength_score
FLTR.L,537,0.7709,5.4356,0.8190,5.9553
AVT,1027,0.8238,0.0457,0.8232,4.9178
CAR,806,0.8362,0.0691,0.8217,4.9172
ETN,939,0.8360,0.0357,0.8226,4.8759
CLF,798,0.8246,0.0627,0.8227,4.8182
CAT,997,0.8144,0.0387,0.8236,4.8116
DIS,1011,0.8150,0.0384,0.8209,4.8072
VLO,915,0.8164,0.0482,0.8201,4.7858
CMI,814,0.8329,0.0412,0.8232,4.7852
AMD,1002,0.7874,0.0652,0.8244,4.7788
NUE,907,0.8192,0.0452,0.8193,4.7781
WDC,999,0.7878,0.0691,0.8201,4.7712
HAL,1043,0.8015,0.0458,0.8170,4.7601
TXN,1030,0.8049,0.0419,0.8176,4.7572
MU,830,0.8048,0.0670,0.8187,4.7263
AAPL,912,0.8026,0.0494,0.8214,4.7164
CRS,781,0.8233,0.0473,0.8201,4.7106
CBT,790,0.8278,0.0396,0.8201,4.7100
FDX,863,0.8169,0.0409,0.8187,4.7071
GT,1110,0.7829,0.0458,0.8178,4.6959
BC,854,0.8033,0.0511,0.8201,4.6749
R,873,0.8156,0.0396,0.8127,4.6674
LPX,958,0.7871,0.0488,0.8227,4.6622
AA,1080,0.7843,0.0424,0.8156,4.6576
HPQ,1045,0.7895,0.0403,0.8152,4.6550
MSI,935,0.7979,0.0415,0.8186,4.6539
DE,958,0.7975,0.0391,0.8161,4.6434
IP,1017,0.7945,0.0351,0.8149,4.6413
JWN,842,0.8040,0.0492,0.8157,4.6357
DINO,667,0.8246,0.0483,0.8241,4.6332
AOS,711,0.8214,0.0386,0.8266,4.6313
DD,918,0.8028,0.0364,0.8155,4.6297
F,984,0.7886,0.0433,0.8160,4.6275
GGG,662,0.8338,0.0360,0.8245,4.6275
MRK,883,0.8086,0.0313,0.8176,4.6255
MO,905,0.8077,0.0301,0.8162,4.6242
AMKR,576,0.8177,0.0794,0.8239,4.6233
MDT,757,0.8256,0.0344,0.8159,4.6201
GLW,842,0.8017,0.0429,0.8202,4.6195
BBY,811,0.7891,0.0590,0.8247,4.6173
AMAT,865,0.7988,0.0507,0.8127,4.6140
NVDA,596,0.8171,0.0726,0.8235,4.6134
RTX,917,0.8048,0.0323,0.8131,4.6088
WMB,838,0.8007,0.0476,0.8156,4.6061
WFC,885,0.8011,0.0372,0.8160,4.6021
CVS,741,0.8286,0.0337,0.8128,4.6016
PHM,871,0.7876,0.0500,0.8218,4.6014
WMT,926,0.7981,0.0338,0.8154,4.5961
MTZ,845,0.7822,0.0659,0.8173,4.5935
IPG,701,0.8217,0.0414,0.8190,4.5934
STT,733,0.8199,0.0396,0.8160,4.5894
BA,1061,0.7795,0.0371,0.8148,4.5892
LMT,877,0.7993,0.0341,0.8192,4.5889
JPM,759,0.8142,0.0380,0.8183,4.5879
WHR,774,0.8101,0.0399,0.8182,4.5855
CCK,727,0.8171,0.0410,0.8173,4.5809
JCI,688,0.8285,0.0369,0.8155,4.5784
TER,836,0.7895,0.0570,0.8153,4.5781
IBM,870,0.8046,0.0288,0.8166,4.5755
PPC,816,0.7880,0.0546,0.8207,4.5736
BDC,647,0.8114,0.0593,0.8216,4.5722
C,886,0.7946,0.0413,0.8139,4.5713
THO,715,0.8042,0.0477,0.8253,4.5711
HUM,879,0.7975,0.0418,0.8113,4.5697
TPL,705,0.8043,0.0420,0.8307,4.5664
OLN,758,0.8074,0.0422,0.8181,4.5654
CMC,768,0.8021,0.0448,0.8198,4.5651
URI,613,0.8206,0.0614,0.8163,4.5642
PVH,760,0.7947,0.0511,0.8232,4.5621
GD,849,0.8009,0.0335,0.8169,4.5611
VMC,696,0.8161,0.0377,0.8226,4.5603
CW,684,0.8246,0.0308,0.8216,4.5601
HD,776,0.8067,0.0401,0.8166,4.5600
LRCX,905,0.7757,0.0593,0.8149,4.5590
RCL,641,0.8175,0.0540,0.8182,4.5574
EQT,686,0.8163,0.0438,0.8187,4.5569
ASML.AS,513,0.8519,0.0538,0.8132,4.5565
HES,827,0.7956,0.0432,0.8168,4.5553
RJF,722,0.8089,0.0426,0.8203,4.5543
BMY,942,0.7941,0.0305,0.8124,4.5529
APH,565,0.8425,0.0433,0.8165,4.5489
INCY,709,0.7856,0.0737,0.8213,4.5484
WY,965,0.7845,0.0360,0.8138,4.5458
CAH,649,0.8320,0.0356,0.8143,4.5450
CCL,682,0.8123,0.0474,0.8183,4.5438
AGCO,616,0.8231,0.0510,0.8171,4.5411
LHX,761,0.8042,0.0351,0.8221,4.5411
LUV,928,0.7769,0.0434,0.8193,4.5394
DOV,700,0.8271,0.0346,0.8091,4.5373
KO,835,0.8060,0.0271,0.8145,4.5370
HXL,757,0.7992,0.0513,0.8142,4.5360
TT,759,0.8076,0.0386,0.8151,4.5351
ADSK,886,0.7799,0.0482,0.8172,4.5345
PWR,538,0.8309,0.0559,0.8215,4.5329
CVX,896,0.7913,0.0318,0.8163,4.5315
LLY,933,0.7824,0.0333,0.8185,4.5260
LOW,804,0.7960,0.0381,0.8180,4.5225
MSFT,737,0.8060,0.0394,0.8169,4.5195
HON,948,0.7890,0.0320,0.8096,4.5194
EXP,605,0.8215,0.0425,0.8236,4.5192
STX,467,0.8501,0.0559,0.8188,4.5190
CI,797,0.8055,0.0346,0.8110,4.5165
KR,917,0.7841,0.0333,0.8170,4.5159
CRUS,804,0.7724,0.0682,0.8179,4.5150
MTG,663,0.7979,0.0558,0.8244,4.5131
PGR,676,0.8195,0.0323,0.8177,4.5087
LNW,737,0.7815,0.0711,0.8153,4.5070
COP,798,0.7982,0.0366,0.8145,4.5045
RS,613,0.8254,0.0433,0.8146,4.5039
AMGN,770,0.7935,0.0427,0.8188,4.5038
X,738,0.7818,0.0599,0.8224,4.5015
TSN,790,0.7975,0.0362,0.8159,4.4991
MUR,831,0.7882,0.0403,0.8160,4.4987
AZO,611,0.8249,0.0347,0.8213,4.4978
APD,715,0.8140,0.0321,0.8142,4.4967
INGA.AS,610,0.8262,0.0463,0.8108,4.4964
CSL,652,0.8190,0.0351,0.8183,4.4961
DCI,659,0.8134,0.0337,0.8235,4.4951
NKE,836,0.7847,0.0387,0.8195,4.4949
LOGN.SW,609,0.8210,0.0478,0.8144,4.4937
BK,834,0.7902,0.0354,0.8162,4.4927
BEN,702,0.8034,0.0397,0.8202,4.4916
RRX,713,0.8050,0.0377,0.8181,4.4906
ARW,753,0.7928,0.0464,0.8169,4.4901
CNP,892,0.7915,0.0288,0.8113,4.4886
SLM,691,0.7988,0.0439,0.8230,4.4881
PNR,705,0.8113,0.0379,0.8121,4.4855
NYT,912,0.7752,0.0368,0.8186,4.4851
HAS,765,0.8039,0.0374,0.8096,4.4840
ALB,598,0.8211,0.0450,0.8171,4.4832
APA,903,0.7708,0.0469,0.8159,4.4818
UNM,668,0.8084,0.0435,0.8165,4.4807
GWW,694,0.8156,0.0311,0.8141,4.4803
INTC,861,0.7793,0.0438,0.8148,4.4800
LEN,923,0.7681,0.0461,0.8164,4.4797
JEF,697,0.8020,0.0366,0.8228,4.4792
ALK,892,0.7758,0.0442,0.8138,4.4791
BKR,781,0.7887,0.0441,0.8164,4.4788
CDNS,736,0.7935,0.0499,0.8141,4.4782
VOW.DE,577,0.8250,0.0391,0.8212,4.4770
CB,523,0.8394,0.0409,0.8183,4.4765
GILD,672,0.8021,0.0540,0.8130,4.4756
GE,942,0.7781,0.0314,0.8141,4.4752
AFL,738,0.7981,0.0382,0.8177,4.4752
PCAR,765,0.7974,0.0382,0.8136,4.4732
UHS,712,0.8006,0.0390,0.8181,4.4704
WSM,834,0.7722,0.0516,0.8176,4.4664
KBH,812,0.7697,0.0530,0.8222,4.4656
THC,919,0.7606,0.0478,0.8209,4.4649
ALGN,511,0.8200,0.0641,0.8202,4.4642
GAP,794,0.7796,0.0483,0.8178,4.4635
AXON,536,0.8097,0.0662,0.8223,4.4622
MAT,860,0.7767,0.0408,0.8166,4.4612
BBWI,826,0.7748,0.0446,0.8205,4.4612
PH,720,0.8069,0.0353,0.8111,4.4593
NOC,766,0.7937,0.0319,0.8193,4.4573
IFX.DE,500,0.8300,0.0601,0.8143,4.4542
PII,690,0.8000,0.0417,0.8174,4.4539
MLI,657,0.8067,0.0412,0.8169,4.4523
GEN,727,0.7868,0.0505,0.8174,4.4522
ORCL,752,0.7872,0.0488,0.8139,4.4514
AIT,731,0.7921,0.0350,0.8228,4.4490
EOG,710,0.7944,0.0455,0.8158,4.4489
OKE,728,0.8022,0.0347,0.8131,4.4488
TEX,803,0.7696,0.0547,0.8189,4.4466
DHR,676,0.8033,0.0348,0.8206,4.4452
MCD,916,0.7806,0.0301,0.8104,4.4449
CFR,640,0.8094,0.0376,0.8186,4.4433
HST,775,0.7858,0.0417,0.8148,4.4379
IVZ,515,0.8252,0.0488,0.8205,4.4356
MGM,753,0.7795,0.0509,0.8171,4.4353
MTB,550,0.8364,0.0306,0.8152,4.4349
SYK,707,0.8006,0.0374,0.8134,4.4335
EFX,721,0.7989,0.0358,0.8140,4.4334
BIIB,676,0.7899,0.0565,0.8150,4.4332
AVY,752,0.7965,0.0326,0.8136,4.4330
BIO,771,0.7821,0.0347,0.8238,4.4324
SRT3.DE,564,0.8085,0.0484,0.8244,4.4279
UNP,790,0.7911,0.0314,0.8130,4.4271
FAST,590,0.8203,0.0415,0.8115,4.4250
TXT,755,0.7907,0.0368,0.8142,4.4245
NTAP,615,0.7870,0.0659,0.8211,4.4243
WCC,499,0.8236,0.0569,0.8177,4.4238
VOW3.DE,585,0.8120,0.0425,0.8197,4.4221
SCYR.MC,501,0.8224,0.0490,0.8242,4.4212
IEX,562,0.8274,0.0336,0.8163,4.4210
CNX,574,0.8084,0.0590,0.8125,4.4200
CPRT,587,0.8194,0.0428,0.8112,4.4198
CHE,741,0.7922,0.0333,0.8167,4.4184
ASH,788,0.7855,0.0336,0.8157,4.4183
MAS,765,0.7895,0.0388,0.8111,4.4180
FITB,702,0.7963,0.0391,0.8144,4.4174
TTC,685,0.7971,0.0340,0.8205,4.4165
CLX,663,0.8039,0.0298,0.8210,4.4164
SREN.SW,471,0.8429,0.0401,0.8179,4.4150
JBL,650,0.7877,0.0598,0.8163,4.4150
EHC,727,0.7799,0.0527,0.8158,4.4143
SPGI,699,0.7997,0.0319,0.8163,4.4131
SWKS,779,0.7574,0.0666,0.8201,4.4117
WBA,745,0.7933,0.0333,0.8130,4.4082
SLHN.SW,524,0.8282,0.0404,0.8165,4.4069
TKR,754,0.7851,0.0370,0.8166,4.4064
AHT.L,608,0.7993,0.0508,0.8180,4.4054
SNA,645,0.8124,0.0329,0.8112,4.4049
BALL,722,0.7950,0.0335,0.8136,4.4010
OLED,614,0.7818,0.0702,0.8188,4.3993
ADI,850,0.7635,0.0484,0.8146,4.3992
MOS,769,0.7737,0.0466,0.8173,4.3987
STLAM.MI,531,0.8173,0.0477,0.8182,4.3975
OMC,586,0.8174,0.0333,0.8166,4.3972
J,854,0.7693,0.0371,0.8160,4.3957
AXP,889,0.7739,0.0352,0.8079,4.3952
IT,622,0.8039,0.0434,0.8144,4.3952
ADM,760,0.7895,0.0331,0.8118,4.3927
AMZN,569,0.7961,0.0603,0.8197,4.3907
NVR,779,0.7728,0.0428,0.8180,4.3900
DHI,716,0.7765,0.0523,0.8168,4.3884
TROW,653,0.7979,0.0423,0.8132,4.3846
PTC,734,0.7820,0.0500,0.8088,4.3831
PCG,838,0.7780,0.0338,0.8091,4.3814
SKX,544,0.8015,0.0580,0.8198,4.3798
AME,725,0.7890,0.0317,0.8168,4.3794
NEM,814,0.7703,0.0403,0.8152,4.3784
PPG,702,0.7963,0.0336,0.8115,4.3782
ADBE,811,0.7670,0.0495,0.8113,4.3752
RNO.PA,544,0.8162,0.0456,0.8136,4.3746
PAG.L,573,0.8080,0.0419,0.8179,4.3743
UNH,671,0.7973,0.0389,0.8112,4.3743
ABT,734,0.7970,0.0279,0.8088,4.3731
ZBRA,669,0.7937,0.0436,0.8110,4.3714
REGN,741,0.7611,0.0593,0.8202,4.3707
ANF,589,0.7895,0.0603,0.8183,4.3706
VRSN,532,0.8064,0.0540,0.8187,4.3690
WRB,711,0.7975,0.0336,0.8070,4.3686
BAMI.MI,566,0.7986,0.0536,0.8187,4.3676
PG,821,0.7856,0.0245,0.8085,4.3672
ROK,844,0.7725,0.0344,0.8108,4.3667
TOL,828,0.7597,0.0466,0.8171,4.3662
KIM,559,0.8157,0.0353,0.8166,4.3642
PAG,519,0.8112,0.0535,0.8165,4.3635
ISP.MI,696,0.7845,0.0421,0.8153,4.3635
RMD,542,0.8118,0.0420,0.8191,4.3631
RHM.DE,540,0.8130,0.0449,0.8161,4.3630
TGT,782,0.7749,0.0356,0.8155,4.3609
JNJ,812,0.7906,0.0252,0.8029,4.3608
PEG,727,0.7978,0.0269,0.8076,4.3604
HSL.L,523,0.8298,0.0278,0.8163,4.3596
ATI,564,0.8014,0.0592,0.8101,4.3578
ADP,704,0.7912,0.0303,0.8148,4.3556
SCHW,745,0.7718,0.0462,0.8153,4.3547
WAB,578,0.8114,0.0402,0.8109,4.3539
SF,734,0.7766,0.0374,0.8185,4.3522
COO,804,0.7637,0.0457,0.8144,4.3513
WSO,625,0.7952,0.0363,0.8198,4.3501
NSP,567,0.8025,0.0462,0.8170,4.3501
CXT,775,0.7755,0.0353,0.8141,4.3492
CSGP,514,0.8132,0.0460,0.8187,4.3486
GATX,662,0.7885,0.0372,0.8184,4.3485
HOG,723,0.7787,0.0402,0.8151,4.3478
SYNA,507,0.8047,0.0575,0.8198,4.3470
AYI,470,0.8319,0.0408,0.8156,4.3468
SHW,726,0.7879,0.0314,0.8118,4.3467
ITW,596,0.8104,0.0319,0.8128,4.3450
FICO,665,0.7865,0.0418,0.8156,4.3447
GLE.PA,496,0.8226,0.0479,0.8116,4.3434
NSC,765,0.7804,0.0317,0.8122,4.3428
NBIX,624,0.7837,0.0617,0.8106,4.3417
FRT,743,0.7860,0.0284,0.8122,4.3413
CPT,515,0.8272,0.0330,0.8133,4.3406
BKNG,507,0.8067,0.0582,0.8159,4.3394
NFG,803,0.7796,0.0267,0.8105,4.3394
ED,776,0.7835,0.0241,0.8124,4.3382
DECK,659,0.7739,0.0574,0.8165,4.3376
BKH,673,0.7964,0.0300,0.8118,4.3376
PEP,845,0.7728,0.0262,0.8114,4.3370
BSX,655,0.7924,0.0408,0.8106,4.3360
UBSG.SW,546,0.8132,0.0382,0.8145,4.3352
ALV,421,0.8385,0.0442,0.8188,4.3334
OVV,450,0.8222,0.0586,0.8147,4.3334
SBAC,518,0.7992,0.0648,0.8141,4.3313
WEN,639,0.7872,0.0394,0.8192,4.3312
BAC,731,0.7756,0.0383,0.8154,4.3312
BOSS.DE,482,0.8195,0.0464,0.8172,4.3309
NWG.L,595,0.7950,0.0492,0.8125,4.3308
LAMR,515,0.8097,0.0464,0.8177,4.3273
EBAY,525,0.8133,0.0457,0.8119,4.3262
XOM,816,0.7745,0.0255,0.8123,4.3260
JUN3.DE,549,0.8033,0.0426,0.8186,4.3260
SWK,673,0.7860,0.0357,0.8158,4.3259
FLS,697,0.7805,0.0431,0.8113,4.3253
WTS,719,0.7803,0.0369,0.8124,4.3244
VTRS,763,0.7720,0.0416,0.8101,4.3242
ROL,654,0.7966,0.0276,0.8144,4.3230
AES,681,0.7768,0.0517,0.8109,4.3228
CON.DE,553,0.8011,0.0422,0.8196,4.3228
HRB,756,0.7765,0.0355,0.8109,4.3223
RBA,469,0.8252,0.0359,0.8215,4.3205
DOC,584,0.8082,0.0344,0.8110,4.3204
COST,695,0.7856,0.0350,0.8115,4.3190
BNP.PA,597,0.7990,0.0426,0.8108,4.3185
FIX,578,0.7976,0.0475,0.8125,4.3184
DVN,703,0.7752,0.0440,0.8135,4.3173
CMA,646,0.7864,0.0388,0.8166,4.3171
RVTY,836,0.7620,0.0348,0.8134,4.3161
FDS,489,0.8139,0.0419,0.8217,4.3160
RLI,698,0.7865,0.0294,0.8132,4.3121
FCX,629,0.7758,0.0561,0.8164,4.3117
TMO,675,0.7837,0.0338,0.8164,4.3100
EXPD,711,0.7764,0.0390,0.8134,4.3097
NFLX,508,0.7953,0.0590,0.8211,4.3095
SYY,749,0.7797,0.0308,0.8099,4.3095
TRMB,696,0.7672,0.0493,0.8173,4.3076
SMG,567,0.7989,0.0393,0.8180,4.3075
CTRA,680,0.7735,0.0457,0.8163,4.3074
RF,665,0.7805,0.0379,0.8177,4.3063
RRC,704,0.7585,0.0605,0.8162,4.3060
COHR,721,0.7587,0.0577,0.8152,4.3055
AIXA.DE,578,0.7734,0.0678,0.8195,4.3048
AON,719,0.7775,0.0294,0.8170,4.3016
FLEX,653,0.7688,0.0598,0.8143,4.3012
AAL,396,0.8131,0.0753,0.8220,4.3005
HUBB,528,0.8182,0.0332,0.8112,4.3000
SAIA,516,0.7984,0.0567,0.8156,4.2995
STLD,636,0.7799,0.0542,0.8099,4.2991
NEE,656,0.7988,0.0235,0.8104,4.2984
LSCC,800,0.7512,0.0549,0.8111,4.2979
EA,742,0.7615,0.0461,0.8162,4.2979
EVD.DE,525,0.7943,0.0497,0.8224,4.2958
KLAC,790,0.7557,0.0476,0.8130,4.2953
CSX,765,0.7739,0.0324,0.8092,4.2934
AFG,674,0.7878,0.0319,0.8106,4.2933
GNTX,693,0.7706,0.0457,0.8142,4.2925
OSK,700,0.7729,0.0459,0.8104,4.2921
CSCO,636,0.7862,0.0439,0.8097,4.2908
JLL,502,0.8028,0.0459,0.8214,4.2902
BAX,744,0.7796,0.0297,0.8079,4.2891
UTHR,535,0.8000,0.0467,0.8150,4.2888
EME,584,0.7911,0.0395,0.8178,4.2849
MBG.DE,542,0.8026,0.0410,0.8143,4.2843
IAG.L,485,0.8082,0.0496,0.8163,4.2839
BDX,681,0.7885,0.0268,0.8108,4.2836
CAG,663,0.7934,0.0281,0.8081,4.2830
CGNX,785,0.7503,0.0499,0.8153,4.2818
KNX,638,0.7790,0.0440,0.8150,4.2816
OPCH,619,0.7561,0.0777,0.8173,4.2816
CFR.SW,555,0.8018,0.0374,0.8142,4.2810
SLB,827,0.7618,0.0374,0.8061,4.2802
GL,576,0.8073,0.0322,0.8076,4.2784
ORI,551,0.8076,0.0355,0.8103,4.2781
JNPR,490,0.8000,0.0571,0.8162,4.2772
SCI,704,0.7741,0.0377,0.8119,4.2772
ERF.PA,562,0.7883,0.0452,0.8195,4.2760
PPL,628,0.7978,0.0259,0.8107,4.2757
GTLS,407,0.8133,0.0663,0.8201,4.2755
IDXX,672,0.7827,0.0395,0.8069,4.2752
EMR,833,0.7623,0.0275,0.8115,4.2750
FHN,620,0.7887,0.0350,0.8140,4.2732
VFC,723,0.7746,0.0339,0.8104,4.2731
CHH,497,0.8129,0.0378,0.8151,4.2707
AMT,463,0.8099,0.0522,0.8160,4.2695
CTAS,762,0.7769,0.0273,0.8058,4.2686
MIDD,649,0.7704,0.0468,0.8169,4.2671
TRGP,303,0.8581,0.0583,0.8218,4.2663
DTE,792,0.7740,0.0234,0.8068,4.2661
TAP,739,0.7700,0.0319,0.8127,4.2659
VTR,485,0.8144,0.0404,0.8137,4.2652
BMW.DE,549,0.7978,0.0406,0.8138,4.2631
SXS.L,477,0.8218,0.0354,0.8119,4.2626
STZ,606,0.7888,0.0368,0.8130,4.2608
SAM,570,0.7930,0.0387,0.8149,4.2604
VNO,623,0.7897,0.0318,0.8123,4.2600
ESS,505,0.8198,0.0292,0.8108,4.2595
WBS,694,0.7723,0.0394,0.8107,4.2591
BRO,529,0.8034,0.0302,0.8201,4.2580
CPB,719,0.7747,0.0265,0.8137,4.2573
GEF,499,0.8076,0.0385,0.8167,4.2571
ROST,788,0.7551,0.0412,0.8116,4.2565
SDR.L,583,0.7942,0.0368,0.8114,4.2556
GRMN,437,0.8215,0.0412,0.8180,4.2554
QCOM,673,0.7682,0.0481,0.8114,4.2548
OZK,557,0.7989,0.0394,0.8101,4.2548
STJ.L,598,0.7893,0.0428,0.8083,4.2545
TTWO,552,0.7880,0.0551,0.8100,4.2529
KMB,607,0.7974,0.0248,0.8119,4.2526
MCHP,629,0.7758,0.0490,0.8106,4.2520
MCK,524,0.7996,0.0352,0.8198,4.2504
CL,754,0.7732,0.0261,0.8083,4.2494
NOV,567,0.7831,0.0500,0.8149,4.2494
BYD,656,0.7591,0.0570,0.8162,4.2491
SDF.DE,535,0.7944,0.0420,0.8165,4.2474
ESCT.L,491,0.8248,0.0246,0.8108,4.2473
EN.PA,632,0.7832,0.0355,0.8117,4.2465
CACI,774,0.7558,0.0385,0.8132,4.2464
KEY,704,0.7713,0.0347,0.8113,4.2463
SGI,425,0.8165,0.0533,0.8155,4.2462
WEIR.L,589,0.7912,0.0403,0.8086,4.2459
UGI,572,0.8059,0.0262,0.8081,4.2448
MHK,593,0.7791,0.0433,0.8176,4.2447
AJG,593,0.7943,0.0289,0.8130,4.2433
DVA,515,0.8039,0.0381,0.8141,4.2432
MAN,671,0.7750,0.0371,0.8110,4.2431
SMCI,386,0.8083,0.0724,0.8215,4.2429
WEC,583,0.8096,0.0224,0.8046,4.2425
JEN.DE,536,0.7929,0.0467,0.8131,4.2416
IRM,509,0.8075,0.0342,0.8146,4.2412
WWD,656,0.7744,0.0379,0.8133,4.2407
LONN.SW,484,0.8202,0.0323,0.8097,4.2399
CROX,391,0.8056,0.0708,0.8230,4.2394
INTU,639,0.7762,0.0442,0.8093,4.2384
CTSH,471,0.8089,0.0499,0.8105,4.2382
EMG.L,586,0.7867,0.0408,0.8119,4.2382
T,641,0.7847,0.0286,0.8121,4.2374
TUI1.DE,556,0.7896,0.0486,0.8094,4.2373
COF,605,0.7785,0.0467,0.8115,4.2367
RNR,479,0.8184,0.0315,0.8127,4.2357
NDSN,675,0.7763,0.0336,0.8097,4.2337
ORLY,598,0.7876,0.0383,0.8094,4.2335
ALV.DE,478,0.8201,0.0369,0.8066,4.2330
MMM,798,0.7694,0.0250,0.8030,4.2327
CCI,501,0.7964,0.0505,0.8135,4.2323
BGFD.L,467,0.8180,0.0272,0.8192,4.2320
AC.PA,498,0.8072,0.0343,0.8158,4.2312
SSD,550,0.7909,0.0359,0.8182,4.2310
MSM,525,0.7943,0.0419,0.8160,4.2307
WAT,506,0.8024,0.0385,0.8151,4.2306
WST,625,0.7808,0.0272,0.8191,4.2305
GPC,662,0.7870,0.0270,0.8056,4.2300
ZION,740,0.7581,0.0396,0.8122,4.2300
BC8.DE,514,0.7977,0.0405,0.8161,4.2297
CBRE,391,0.8286,0.0555,0.8097,4.2290
ASGN,664,0.7605,0.0538,0.8116,4.2280
ENI.MI,522,0.8103,0.0299,0.8093,4.2277
IMI.L,586,0.7918,0.0357,0.8085,4.2272
EMN,529,0.8034,0.0371,0.8085,4.2258
CAP.PA,485,0.8041,0.0432,0.8142,4.2254
FRE.DE,452,0.8230,0.0362,0.8101,4.2252
CNC,433,0.8222,0.0417,0.8122,4.2247
PLD,461,0.8200,0.0354,0.8110,4.2244
PFE,902,0.7417,0.0299,0.8125,4.2241
MLM,557,0.7864,0.0379,0.8182,4.2233
TPR,479,0.8038,0.0463,0.8134,4.2229
GIS,683,0.7775,0.0238,0.8127,4.2224
PSN.L,630,0.7730,0.0406,0.8139,4.2211
ON,538,0.7695,0.0636,0.8199,4.2205
XEL,595,0.7966,0.0260,0.8080,4.2202
AMED,558,0.7778,0.0532,0.8143,4.2200
KEX,629,0.7806,0.0341,0.8109,4.2193
NXST,445,0.7955,0.0663,0.8153,4.2187
SRPT,551,0.7514,0.0885,0.8170,4.2187
FFIV,529,0.7845,0.0537,0.8135,4.2183
HOLX,750,0.7480,0.0504,0.8108,4.2180
UAL,391,0.8056,0.0726,0.8174,4.2175
EQR,505,0.8099,0.0306,0.8113,4.2166
TJX,694,0.7637,0.0373,0.8133,4.2163
BF-B,601,0.7903,0.0260,0.8123,4.2160
AIG,664,0.7711,0.0357,0.8121,4.2157
LH,567,0.7848,0.0396,0.8146,4.2155
TEM.L,464,0.8233,0.0286,0.8105,4.2154
MMC,615,0.7821,0.0292,0.8152,4.2151
VTY.L,573,0.7784,0.0408,0.8190,4.2151
BWY.L,624,0.7804,0.0348,0.8107,4.2147
HIG,469,0.8060,0.0432,0.8147,4.2146
EVRG,548,0.8120,0.0240,0.8034,4.2140
ENT.L,352,0.7670,0.1502,0.8142,4.2139
CIEN,587,0.7581,0.0678,0.8164,4.2139
AEP,813,0.7614,0.0231,0.8069,4.2127
HOLN.SW,378,0.8386,0.0392,0.8139,4.2115
OXY,753,0.7596,0.0349,0.8084,4.2109
CF,417,0.8129,0.0543,0.8139,4.2103
BTRW.L,600,0.7900,0.0422,0.7989,4.2090
IFF,679,0.7732,0.0268,0.8126,4.2077
EEFT,534,0.7865,0.0503,0.8106,4.2065
STMPA.PA,471,0.8025,0.0459,0.8139,4.2064
HEI.DE,513,0.8031,0.0384,0.8078,4.2053
CINF,541,0.8004,0.0308,0.8097,4.2053
OGE,556,0.8022,0.0236,0.8100,4.2048
PRU,397,0.8237,0.0472,0.8142,4.2043
FR,524,0.7958,0.0383,0.8119,4.2019
TRV,654,0.7752,0.0308,0.8108,4.2013
MPWR,418,0.8110,0.0534,0.8145,4.2013
REG,479,0.8100,0.0310,0.8146,4.2002
SIKA.SW,566,0.7915,0.0306,0.8118,4.1988
COR,523,0.7935,0.0367,0.8149,4.1974
NEU,776,0.7461,0.0416,0.8115,4.1972
EWI.L,523,0.8107,0.0294,0.8031,4.1962
AN,682,0.7507,0.0516,0.8144,4.1960
CMCSA,695,0.7640,0.0351,0.8103,4.1943
CHRW,524,0.8015,0.0349,0.8070,4.1924
ENPH,299,0.8227,0.0954,0.8156,4.1922
AFX.DE,507,0.7909,0.0440,0.8147,4.1912
MKSI,518,0.7799,0.0544,0.8151,4.1903
CCEP.L,92,0.7717,0.4922,0.8027,4.1898
CBK.DE,586,0.7730,0.0444,0.8140,4.1897
NOVT,544,0.7776,0.0514,0.8128,4.1868
M,654,0.7554,0.0498,0.8142,4.1867
PAYX,656,0.7729,0.0348,0.8067,4.1857
SNPS,612,0.7729,0.0408,0.8106,4.1854
D,556,0.8022,0.0228,0.8068,4.1852
ABBN.SW,428,0.8131,0.0453,0.8120,4.1834
TSLA,329,0.8176,0.0654,0.8278,4.1819
BHP.L,518,0.7876,0.0437,0.8137,4.1819
JBHT,759,0.7470,0.0391,0.8118,4.1800
SAB.MC,409,0.7995,0.0495,0.8280,4.1796
ILMN,557,0.7702,0.0554,0.8128,4.1787
MGAM.L,617,0.7715,0.0448,0.8067,4.1787
BRBY.L,426,0.8146,0.0420,0.8128,4.1786
EZJ.L,487,0.7864,0.0472,0.8195,4.1779
MPC,272,0.8603,0.0503,0.8241,4.1770
RL,526,0.7890,0.0419,0.8106,4.1759
RGEN,736,0.7310,0.0630,0.8139,4.1756
LAD,595,0.7597,0.0524,0.8172,4.1752
THG,479,0.8121,0.0324,0.8066,4.1752
ITT,477,0.7966,0.0383,0.8181,4.1751
YUM,458,0.8188,0.0314,0.8067,4.1750
LVS,403,0.8089,0.0575,0.8127,4.1722
PNW,628,0.7818,0.0263,0.8066,4.1709
BAB.L,484,0.8037,0.0378,0.8084,4.1698
DLTR,571,0.7723,0.0457,0.8131,4.1693
WTB.L,523,0.7935,0.0336,0.8118,4.1689
TFC,632,0.7753,0.0328,0.8070,4.1687
HSY,661,0.7700,0.0266,0.8118,4.1685
L,547,0.7879,0.0299,0.8144,4.1680
KER.PA,455,0.8088,0.0351,0.8132,4.1680
DRI,582,0.7818,0.0365,0.8076,4.1679
ENTG,545,0.7761,0.0525,0.8094,4.1670
KMPR,605,0.7752,0.0312,0.8135,4.1662
MCG.L,482,0.8008,0.0387,0.8103,4.1653
MS,624,0.7628,0.0445,0.8119,4.1642
FPE3.DE,489,0.7996,0.0336,0.8130,4.1619
VRTX,731,0.7360,0.0579,0.8103,4.1615
EWBC,512,0.7871,0.0418,0.8131,4.1608
STE,619,0.7706,0.0379,0.8090,4.1607
HOT.DE,514,0.7879,0.0416,0.8118,4.1602
EXC,727,0.7593,0.0249,0.8111,4.1600
POOL,568,0.7817,0.0357,0.8099,4.1599
RMBS,546,0.7619,0.0644,0.8136,4.1596
MTD,493,0.8032,0.0335,0.8077,4.1590
MSA,680,0.7603,0.0311,0.8132,4.1588
FNTN.DE,453,0.8013,0.0471,0.8099,4.1577
SAP.DE,446,0.8117,0.0379,0.8085,4.1565
SPG,524,0.7939,0.0324,0.8096,4.1565
PUB.PA,473,0.7970,0.0365,0.8165,4.1559
ETR,779,0.7587,0.0241,0.8028,4.1539
AMG,469,0.7932,0.0444,0.8149,4.1535
CMS,676,0.7648,0.0289,0.8098,4.1534
BRKR,484,0.7810,0.0517,0.8176,4.1529
OHI,584,0.7757,0.0370,0.8103,4.1529
SAN.MC,465,0.8022,0.0384,0.8114,4.1527
AIR.DE,472,0.7966,0.0405,0.8133,4.1521
GPK,595,0.7664,0.0471,0.8097,4.1519
ROR.L,462,0.8160,0.0318,0.8034,4.1517
XPO,415,0.7952,0.0597,0.8169,4.1512
LXS.DE,510,0.7922,0.0410,0.8070,4.1499
NJR,600,0.7900,0.0229,0.8025,4.1493
G1A.DE,488,0.7910,0.0436,0.8117,4.1490
RWE.DE,494,0.7915,0.0362,0.8153,4.1488
MMS,503,0.7913,0.0370,0.8121,4.1465
NTRS,619,0.7771,0.0303,0.8055,4.1465
GAW.L,522,0.7874,0.0357,0.8122,4.1457
WCH.DE,365,0.8164,0.0522,0.8174,4.1448
DBK.DE,543,0.7772,0.0432,0.8116,4.1446
UCG.MI,540,0.7741,0.0458,0.8135,4.1445
K,636,0.7736,0.0239,0.8100,4.1423
POWI,531,0.7702,0.0578,0.8097,4.1408
PCH,722,0.7535,0.0320,0.8089,4.1406
TSCO,572,0.7710,0.0423,0.8112,4.1397
INF.L,455,0.7978,0.0394,0.8154,4.1396
BCO,534,0.7790,0.0384,0.8143,4.1385
FLG,532,0.7820,0.0356,0.8139,4.1381
PHI.L,448,0.8147,0.0303,0.8073,4.1381
USB,787,0.7421,0.0316,0.8105,4.1380
ROG.SW,461,0.8091,0.0264,0.8120,4.1375
CRM,422,0.8057,0.0456,0.8121,4.1370
BEZ.L,396,0.8308,0.0349,0.8040,4.1366
III.L,559,0.7746,0.0382,0.8128,4.1362
RMS.PA,482,0.7946,0.0318,0.8163,4.1361
RIO.L,550,0.7855,0.0401,0.8020,4.1353
ANSS,567,0.7743,0.0419,0.8082,4.1349
VZ,647,0.7697,0.0247,0.8098,4.1348
HAE,642,0.7617,0.0335,0.8122,4.1345
IDA,562,0.7900,0.0237,0.8071,4.1342
FI,656,0.7683,0.0323,0.8034,4.1339
ICG.L,495,0.7859,0.0374,0.8169,4.1332
UTDI.DE,553,0.7758,0.0441,0.8078,4.1331
BR,271,0.8672,0.0365,0.8201,4.1320
TTEK,684,0.7500,0.0427,0.8092,4.1319
TXNM,691,0.7598,0.0281,0.8088,4.1316
WPC,449,0.8129,0.0286,0.8085,4.1300
MCO,518,0.7915,0.0330,0.8078,4.1293
WTRG,574,0.7787,0.0292,0.8105,4.1280
MTN,485,0.7835,0.0425,0.8166,4.1264
MTCH,655,0.7496,0.0458,0.8113,4.1254
ATR,477,0.8008,0.0318,0.8090,4.1244
ALE,755,0.7550,0.0215,0.8068,4.1242
HBAN,667,0.7631,0.0314,0.8055,4.1240
DUK,602,0.7774,0.0227,0.8102,4.1238
EGP,560,0.7857,0.0278,0.8067,4.1237
WYNN,458,0.7773,0.0549,0.8203,4.1224
HALO,457,0.7834,0.0578,0.8118,4.1215
DPZ,375,0.8133,0.0399,0.8217,4.1213
BARC.L,558,0.7706,0.0437,0.8098,4.1203
DKS,429,0.7972,0.0466,0.8143,4.1199
BA.L,537,0.7840,0.0328,0.8090,4.1191
VMI,716,0.7430,0.0392,0.8113,4.1191
ODFL,620,0.7613,0.0415,0.8077,4.1188
ADC,479,0.7954,0.0317,0.8129,4.1185
WEX,361,0.8255,0.0413,0.8132,4.1179
RPM,593,0.7858,0.0283,0.7976,4.1167
EXEL,531,0.7571,0.0595,0.8176,4.1161
HRI.L,490,0.7959,0.0283,0.8115,4.1158
NEM.DE,523,0.7667,0.0495,0.8168,4.1156
CLH,751,0.7257,0.0507,0.8148,4.1144
FCN,522,0.7720,0.0458,0.8141,4.1143
TREX,487,0.7700,0.0535,0.8193,4.1142
KRN.DE,483,0.7950,0.0328,0.8105,4.1140
SDP.L,389,0.8252,0.0300,0.8113,4.1139
TEP.PA,618,0.7638,0.0355,0.8091,4.1132
PUM.DE,526,0.7757,0.0399,0.8136,4.1130
JKHY,693,0.7475,0.0396,0.8090,4.1129
PRGO,651,0.7527,0.0365,0.8135,4.1125
MNKS.L,486,0.8148,0.0194,0.8000,4.1122
SNV,661,0.7534,0.0408,0.8073,4.1120
ANA.MC,455,0.7956,0.0383,0.8130,4.1119
JD.L,399,0.8020,0.0435,0.8199,4.1111
BAS.DE,499,0.7956,0.0322,0.8055,4.1108
RGLD,738,0.7276,0.0506,0.8141,4.1107
GBF.DE,538,0.7732,0.0403,0.8125,4.1106
LYV,372,0.8118,0.0454,0.8179,4.1105
WELL,531,0.7872,0.0282,0.8090,4.1102
NDX1.DE,492,0.7581,0.0647,0.8212,4.1102
PNC,594,0.7660,0.0334,0.8127,4.1098
LFUS,640,0.7500,0.0407,0.8146,4.1092
SAAB-B.ST,472,0.7881,0.0379,0.8154,4.1081
AIR.PA,474,0.7827,0.0437,0.8155,4.1060
WLK,433,0.7945,0.0468,0.8129,4.1060
MNST,619,0.7480,0.0511,0.8122,4.1059
SBRA,447,0.7875,0.0523,0.8115,4.1054
EL,494,0.7834,0.0362,0.8148,4.1038
LSEG.L,433,0.7968,0.0395,0.8158,4.1036
FLO,675,0.7511,0.0299,0.8139,4.1027
BLK,416,0.8053,0.0367,0.8145,4.1024
SBUX,643,0.7481,0.0386,0.8163,4.1021
ACX.MC,469,0.7953,0.0351,0.8094,4.0997
DXCM,446,0.7780,0.0552,0.8183,4.0995
GHC,543,0.7753,0.0267,0.8171,4.0970
GEBN.SW,436,0.8028,0.0294,0.8151,4.0954
ASB,755,0.7430,0.0313,0.8061,4.0941
BLDR,417,0.7722,0.0709,0.8203,4.0938
RSW.L,559,0.7782,0.0328,0.8049,4.0936
CASY,808,0.7376,0.0312,0.8037,4.0936
RAA.DE,450,0.7889,0.0371,0.8186,4.0931
LII,474,0.7869,0.0385,0.8126,4.0928
SPX.L,417,0.8153,0.0304,0.8071,4.0923
AAL.L,505,0.7802,0.0457,0.8052,4.0904
SO,592,0.7736,0.0220,0.8097,4.0877
EIX,731,0.7497,0.0253,0.8063,4.0876
GOOGL,334,0.8353,0.0332,0.8145,4.0873
DSY.PA,424,0.8042,0.0345,0.8117,4.0872
ACGL,461,0.7983,0.0304,0.8098,4.0868
NRG,442,0.7919,0.0425,0.8120,4.0846
NOVN.SW,397,0.8186,0.0256,0.8122,4.0825
ATO,595,0.7731,0.0254,0.8057,4.0818
PSA,753,0.7437,0.0260,0.8074,4.0816
ML.PA,490,0.7918,0.0315,0.8064,4.0816
IBE.MC,438,0.8128,0.0272,0.8034,4.0812
INVP.L,440,0.7955,0.0426,0.8080,4.0800
ENEL.MI,427,0.8150,0.0279,0.8037,4.0798
THRG.L,458,0.7991,0.0232,0.8140,4.0794
TCBI,434,0.7926,0.0447,0.8107,4.0785
CHD,675,0.7511,0.0274,0.8110,4.0783
ROP,569,0.7663,0.0352,0.8102,4.0783
RYN,516,0.7849,0.0305,0.8068,4.0773
XRAY,620,0.7581,0.0315,0.8107,4.0772
LECO,616,0.7581,0.0328,0.8103,4.0761
SOON.SW,426,0.8028,0.0353,0.8096,4.0756
AVB,504,0.7857,0.0293,0.8094,4.0749
UFPI,689,0.7388,0.0394,0.8118,4.0747
SON,684,0.7544,0.0258,0.8060,4.0726
BAYN.DE,491,0.7882,0.0321,0.8076,4.0723
MT.AS,407,0.7912,0.0504,0.8151,4.0719
SJM,482,0.7967,0.0264,0.8057,4.0716
AKAM,489,0.7648,0.0568,0.8132,4.0715
MANH,518,0.7587,0.0553,0.8132,4.0707
A,484,0.7872,0.0356,0.8072,4.0695
ARE,428,0.8037,0.0321,0.8092,4.0689
TRY.L,518,0.7915,0.0240,0.8030,4.0689
WTFC,502,0.7749,0.0366,0.8138,4.0666
DPLM.L,515,0.7883,0.0324,0.7999,4.0665
FLR,480,0.7750,0.0450,0.8129,4.0660
AZN.L,547,0.7733,0.0308,0.8088,4.0657
FRES.L,383,0.7911,0.0553,0.8181,4.0647
EW,446,0.8004,0.0314,0.8067,4.0644
MUV2.DE,390,0.8154,0.0343,0.8074,4.0644
SLGN,495,0.7758,0.0371,0.8139,4.0643
ECL,627,0.7608,0.0262,0.8080,4.0639
NI,631,0.7591,0.0243,0.8104,4.0636
GME,503,0.7435,0.0750,0.8168,4.0625
NDA.DE,502,0.7769,0.0355,0.8117,4.0617
BOY.L,528,0.7765,0.0378,0.8036,4.0609
PFG,391,0.8082,0.0411,0.8081,4.0599
EOT.L,354,0.8305,0.0270,0.8106,4.0599
COKE,732,0.7336,0.0309,0.8137,4.0597
EQIX,467,0.7687,0.0519,0.8165,4.0595
NDAQ,398,0.7940,0.0455,0.8160,4.0563
CMG,373,0.8016,0.0433,0.8186,4.0558
FHI,459,0.7908,0.0377,0.8058,4.0545
CCL.L,413,0.7918,0.0452,0.8128,4.0535
KKR,291,0.8385,0.0415,0.8174,4.0519
CME,393,0.8015,0.0381,0.8148,4.0515
SEIC,666,0.7432,0.0351,0.8098,4.0512
SGO.PA,488,0.7848,0.0371,0.8037,4.0510
BNZL.L,486,0.7881,0.0258,0.8098,4.0508
DGX,469,0.7889,0.0336,0.8069,4.0483
SIE.DE,480,0.7854,0.0380,0.8041,4.0483
VLY,593,0.7605,0.0299,0.8092,4.0481
AAON,670,0.7313,0.0426,0.8157,4.0480
LITE,185,0.8757,0.0699,0.8265,4.0464
FTNT,312,0.8141,0.0530,0.8215,4.0464
GS,478,0.7782,0.0362,0.8129,4.0455
DTE.DE,467,0.7944,0.0308,0.8033,4.0448
DCC.L,432,0.7870,0.0375,0.8159,4.0442
MTX.DE,412,0.7985,0.0367,0.8110,4.0441
CRDA.L,506,0.7866,0.0300,0.8013,4.0432
SLAB,480,0.7625,0.0535,0.8148,4.0421
RS1.L,556,0.7680,0.0344,0.8047,4.0416
MASI,335,0.8239,0.0413,0.8097,4.0409
JMG.L,377,0.8276,0.0247,0.8025,4.0391
TYL,660,0.7379,0.0418,0.8090,4.0385
SNX,390,0.8000,0.0411,0.8123,4.0381
EOAN.DE,446,0.7982,0.0273,0.8067,4.0370
CKN.L,559,0.7585,0.0345,0.8130,4.0367
EPR,468,0.7885,0.0344,0.8047,4.0367
ANTO.L,475,0.7747,0.0475,0.8067,4.0364
INGR,474,0.7827,0.0315,0.8111,4.0360
CIVI,297,0.7912,0.0951,0.8175,4.0356
TKA.DE,505,0.7624,0.0478,0.8113,4.0350
BXP,436,0.7936,0.0332,0.8093,4.0342
PAGE.L,460,0.7826,0.0358,0.8113,4.0339
NOKIA.HE,452,0.7832,0.0446,0.8059,4.0321
DAR,510,0.7608,0.0474,0.8114,4.0319
LULU,354,0.7994,0.0520,0.8164,4.0315
DB1.DE,436,0.7913,0.0327,0.8114,4.0311
SU.PA,481,0.7859,0.0320,0.8044,4.0301
KMX,482,0.7614,0.0529,0.8134,4.0300
JII.L,414,0.8043,0.0302,0.8068,4.0299
TATE.L,538,0.7788,0.0271,0.8008,4.0292
BX,312,0.8269,0.0456,0.8109,4.0289
LANC,645,0.7519,0.0283,0.8051,4.0281
ISRG,491,0.7658,0.0454,0.8115,4.0268
DOM.L,477,0.7757,0.0373,0.8109,4.0255
FEV.L,411,0.8151,0.0224,0.8022,4.0251
EL.PA,424,0.8019,0.0259,0.8084,4.0249
MAA,480,0.7896,0.0250,0.8051,4.0240
MTS.MC,371,0.8005,0.0503,0.8082,4.0224
STAN.L,437,0.7895,0.0385,0.8064,4.0214
LNT,528,0.7784,0.0228,0.8052,4.0200
HMSO.L,524,0.7672,0.0347,0.8084,4.0194
SCHP.SW,483,0.7847,0.0265,0.8071,4.0193
CS.PA,577,0.7522,0.0386,0.8089,4.0189
LIN,528,0.7765,0.0295,0.8016,4.0187
NLY,374,0.8102,0.0326,0.8102,4.0172
UAA,374,0.7888,0.0556,0.8139,4.0167
GSCT.L,450,0.8022,0.0225,0.8012,4.0165
PRU.L,581,0.7590,0.0374,0.8010,4.0155
FCFS,670,0.7328,0.0412,0.8084,4.0146
ULTA,324,0.8117,0.0496,0.8147,4.0143
BKT.MC,452,0.7743,0.0406,0.8144,4.0133
ASL.L,442,0.7896,0.0233,0.8150,4.0130
ADS.DE,480,0.7792,0.0330,0.8073,4.0128
PODD,342,0.8041,0.0571,0.8086,4.0126
BG,431,0.7865,0.0349,0.8123,4.0126
MAR,475,0.7747,0.0368,0.8102,4.0126
BBVA.MC,440,0.7818,0.0397,0.8105,4.0112
LDOS,308,0.8312,0.0314,0.8159,4.0101
CBSH,723,0.7400,0.0213,0.8058,4.0099
MORN,321,0.8318,0.0353,0.8062,4.0092
CHDN,609,0.7471,0.0351,0.8083,4.0090
HTG.L,555,0.7477,0.0483,0.8088,4.0074
BMRN,546,0.7527,0.0452,0.8077,4.0064
HR,549,0.7705,0.0290,0.8006,4.0054
FRA.DE,435,0.7885,0.0330,0.8087,4.0034
MAB.L,436,0.7775,0.0432,0.8117,4.0028
ABF.L,465,0.7871,0.0273,0.8057,4.0028
MOH,434,0.7788,0.0420,0.8119,4.0026
MKC,563,0.7620,0.0269,0.8074,4.0020
SVT.L,523,0.7820,0.0252,0.7972,4.0020
DAL,354,0.7881,0.0563,0.8186,4.0019
HEN3.DE,461,0.7896,0.0244,0.8057,3.9989
ENGI.PA,454,0.7819,0.0310,0.8104,3.9982
KOG.OL,438,0.7877,0.0331,0.8072,3.9965
LSTR,590,0.7492,0.0332,0.8091,3.9964
ANET,226,0.8540,0.0532,0.8188,3.9950
KIE.L,563,0.7531,0.0364,0.8079,3.9950
HRL,568,0.7623,0.0243,0.8064,3.9946
CVLT,369,0.7967,0.0447,0.8115,3.9944
MSLH.L,622,0.7428,0.0339,0.8084,3.9943
FTK.DE,301,0.8073,0.0503,0.8249,3.9943
JDW.L,548,0.7573,0.0330,0.8089,3.9921
PARA,358,0.7905,0.0506,0.8161,3.9875
EG,491,0.7739,0.0326,0.8049,3.9870
VCT.L,539,0.7644,0.0304,0.8045,3.9869
LGEN.L,480,0.7792,0.0343,0.8009,3.9863
HNR1.DE,415,0.7880,0.0315,0.8131,3.9856
ES,643,0.7496,0.0230,0.8035,3.9852
ACN,391,0.8056,0.0305,0.8038,3.9847
TECH,641,0.7379,0.0370,0.8048,3.9815
AMP,334,0.8144,0.0393,0.8088,3.9803
AVNT,509,0.7525,0.0460,0.8111,3.9800
HWC,630,0.7413,0.0307,0.8077,3.9787
PGHN.SW,286,0.8322,0.0355,0.8156,3.9774
RSG,384,0.8021,0.0308,0.8081,3.9773
HWDN.L,424,0.7759,0.0428,0.8120,3.9766
SR,572,0.7570,0.0225,0.8089,3.9764
SAF.PA,487,0.7680,0.0349,0.8082,3.9763
BRWM.L,330,0.8152,0.0355,0.8117,3.9751
OC,358,0.7877,0.0484,0.8182,3.9751
WPP.L,374,0.8021,0.0344,0.8083,3.9750
PSON.L,392,0.8061,0.0273,0.8034,3.9749
VSVS.L,634,0.7319,0.0449,0.8051,3.9736
KRC,457,0.7768,0.0318,0.8091,3.9733
ZURN.SW,373,0.7936,0.0375,0.8145,3.9728
LKQ,373,0.8016,0.0375,0.8063,3.9725
KNIN.SW,418,0.7895,0.0313,0.8080,3.9723
SBRY.L,519,0.7707,0.0276,0.8019,3.9718
ACS.MC,368,0.8043,0.0354,0.8067,3.9709
TW.L,477,0.7631,0.0465,0.8059,3.9707
CDP,528,0.7595,0.0321,0.8077,3.9700
PRI,250,0.8560,0.0329,0.8124,3.9689
MUT.L,421,0.8076,0.0184,0.7982,3.9685
AIZ,334,0.8144,0.0337,0.8108,3.9683
BGEO.L,370,0.7838,0.0491,0.8154,3.9667
SHEL.L,371,0.8059,0.0285,0.8081,3.9644
SMT.L,389,0.8072,0.0267,0.8015,3.9633
ELE.MC,403,0.7990,0.0287,0.8033,3.9626
EXR,357,0.8039,0.0323,0.8119,3.9623
RED.MC,429,0.7949,0.0230,0.8035,3.9618
OXIG.L,508,0.7618,0.0407,0.8018,3.9618
TKO,486,0.7593,0.0391,0.8114,3.9616
RR.L,606,0.7393,0.0363,0.8067,3.9603
DLR,344,0.8140,0.0317,0.8070,3.9600
LHA.DE,569,0.7452,0.0362,0.8079,3.9584
NXT.L,582,0.7543,0.0309,0.7992,3.9576
ELS,475,0.7747,0.0265,0.8072,3.9575
WWH.L,464,0.7759,0.0257,0.8096,3.9571
IAD.L,441,0.7846,0.0274,0.8057,3.9559
MRK.DE,481,0.7672,0.0312,0.8095,3.9559
ULVR.L,480,0.7729,0.0300,0.8045,3.9555
RTO.L,526,0.7586,0.0305,0.8073,3.9552
RMV.L,353,0.8017,0.0373,0.8103,3.9552
CHTR,298,0.8221,0.0355,0.8149,3.9550
KBR,355,0.7944,0.0442,0.8115,3.9548
ITRK.L,376,0.8032,0.0274,0.8078,3.9546
TMUS,325,0.8062,0.0412,0.8138,3.9531
REP.MC,424,0.7877,0.0320,0.8033,3.9524
DG.PA,443,0.7833,0.0271,0.8059,3.9520
MRO.L,372,0.7823,0.0473,0.8145,3.9516
FGP.L,584,0.7449,0.0376,0.8024,3.9515
PKG,408,0.7892,0.0318,0.8063,3.9484
RBC,371,0.8005,0.0388,0.8019,3.9471
LLOY.L,449,0.7617,0.0476,0.8097,3.9470
CUZ,585,0.7470,0.0305,0.8043,3.9458
COLM,520,0.7481,0.0400,0.8106,3.9449
VIE.PA,461,0.7787,0.0270,0.8039,3.9449
SWX,618,0.7411,0.0254,0.8070,3.9424
HOC.L,442,0.7421,0.0649,0.8183,3.9406
TDG,339,0.7994,0.0356,0.8165,3.9401
CWK.L,513,0.7622,0.0283,0.8051,3.9387
AZN.ST,392,0.7908,0.0272,0.8116,3.9386
FSV.L,346,0.8208,0.0232,0.8016,3.9378
CNO,372,0.7849,0.0474,0.8087,3.9374
AVGO,307,0.8078,0.0429,0.8156,3.9373
QIA.DE,467,0.7623,0.0397,0.8078,3.9365
PB,479,0.7662,0.0305,0.8074,3.9358
FXPO.L,433,0.7367,0.0776,0.8163,3.9355
WM,551,0.7441,0.0305,0.8126,3.9339
PNFP,456,0.7632,0.0377,0.8109,3.9329
TTE.PA,391,0.7903,0.0334,0.8064,3.9323
CYTK,444,0.7455,0.0651,0.8120,3.9321
FE,428,0.7874,0.0259,0.8030,3.9318
NNN,562,0.7562,0.0240,0.8012,3.9297
OCDO.L,287,0.7875,0.0678,0.8251,3.9287
PCT.L,406,0.7882,0.0285,0.8064,3.9279
FOUR.L,477,0.7547,0.0373,0.8131,3.9274
KLR.L,571,0.7408,0.0368,0.8052,3.9263
ITV.L,499,0.7455,0.0438,0.8113,3.9236
FUTR.L,367,0.7766,0.0534,0.8117,3.9231
RH,263,0.8099,0.0605,0.8190,3.9223
MTO.L,492,0.7663,0.0331,0.7990,3.9218
EXPE,359,0.7883,0.0441,0.8095,3.9218
LAND.L,533,0.7561,0.0262,0.8048,3.9217
AR,250,0.8120,0.0691,0.8176,3.9217
FCIT.L,434,0.7972,0.0208,0.7930,3.9204
CHG.L,499,0.7615,0.0295,0.8044,3.9192
GOOG,335,0.8030,0.0322,0.8128,3.9190
EVR,392,0.7730,0.0455,0.8111,3.9155
MET,377,0.7851,0.0440,0.8048,3.9152
HO.PA,452,0.7721,0.0261,0.8079,3.9145
JGGI.L,334,0.8293,0.0221,0.7942,3.9140
GRF.MC,333,0.8018,0.0364,0.8104,3.9132
CA.PA,404,0.7847,0.0298,0.8066,3.9129
BLND.L,525,0.7543,0.0279,0.8053,3.9122
ENSG,349,0.7937,0.0367,0.8116,3.9120
BWXT,238,0.8487,0.0324,0.8151,3.9114
CRL,418,0.7727,0.0348,0.8099,3.9103
UDR,579,0.7427,0.0267,0.8060,3.9103
COLB,669,0.7160,0.0363,0.8098,3.9098
FSLR,348,0.7730,0.0582,0.8162,3.9090
VOD.L,423,0.7778,0.0339,0.8034,3.9087
BT-A.L,575,0.7409,0.0312,0.8049,3.9083
BP.L,523,0.7591,0.0281,0.7998,3.9083
WBD,384,0.7760,0.0421,0.8116,3.9072
MTDR,266,0.8008,0.0745,0.8126,3.9063
SSB,471,0.7580,0.0332,0.8101,3.9059
ORA.PA,412,0.7743,0.0355,0.8085,3.9043
BUT.L,483,0.7723,0.0195,0.8021,3.9041
TEL,258,0.8372,0.0415,0.8056,3.9036
MKTX,446,0.7601,0.0387,0.8102,3.9034
ATT.L,342,0.8070,0.0273,0.8057,3.8994
ADM.L,347,0.7954,0.0312,0.8122,3.8987
INCH.L,470,0.7468,0.0442,0.8119,3.8969
ALW.L,405,0.7975,0.0191,0.7979,3.8953
TEG.DE,421,0.7720,0.0333,0.8077,3.8947
ORA,355,0.7887,0.0391,0.8085,3.8925
JAZZ,366,0.7814,0.0445,0.8074,3.8916
MKS.L,582,0.7388,0.0311,0.8019,3.8904
SMIN.L,528,0.7557,0.0263,0.7999,3.8903
NTGY.MC,330,0.8091,0.0309,0.8038,3.8899
GNRC,269,0.8104,0.0474,0.8184,3.8890
IBOC,504,0.7500,0.0340,0.8055,3.8879
RAT.L,502,0.7510,0.0270,0.8101,3.8865
FIS,375,0.7920,0.0277,0.8052,3.8862
MC.PA,448,0.7701,0.0297,0.8023,3.8854
BNKR.L,407,0.7985,0.0184,0.7941,3.8818
ELV,428,0.7710,0.0311,0.8054,3.8812
CUBE,380,0.7816,0.0363,0.8063,3.8810
CRH.L,462,0.7619,0.0320,0.8041,3.8805
ASC.L,495,0.7273,0.0584,0.8122,3.8803
GNC.L,384,0.7682,0.0405,0.8152,3.8795
NXPI,255,0.8235,0.0495,0.8090,3.8775
GPE.L,502,0.7311,0.0544,0.8083,3.8759
ZBH,399,0.7794,0.0284,0.8070,3.8757
FRAS.L,391,0.7698,0.0446,0.8069,3.8748
ALL,492,0.7520,0.0288,0.8070,3.8715
AI.PA,374,0.8021,0.0239,0.7953,3.8713
SVS.L,537,0.7393,0.0316,0.8064,3.8673
TNL,325,0.7754,0.0581,0.8145,3.8669
IAG.MC,286,0.7972,0.0507,0.8154,3.8653
PKO.WA,427,0.7611,0.0364,0.8084,3.8639
AV.L,400,0.7800,0.0361,0.7976,3.8638
ZIG.L,492,0.7419,0.0355,0.8109,3.8624
SAX.DE,282,0.8014,0.0423,0.8183,3.8586
GPN,393,0.7710,0.0317,0.8112,3.8562
UMBF,660,0.7182,0.0250,0.8064,3.8547
HII,263,0.8137,0.0331,0.8219,3.8523
EDEN.PA,232,0.8448,0.0334,0.8093,3.8515
HSBA.L,390,0.7795,0.0300,0.8036,3.8510
MSCI,304,0.8092,0.0364,0.8026,3.8506
BN.PA,510,0.7451,0.0240,0.8091,3.8501
DLN.L,404,0.7599,0.0348,0.8155,3.8500
TDY,434,0.7627,0.0346,0.8031,3.8498
APO,299,0.8027,0.0416,0.8067,3.8470
HQY,249,0.8153,0.0509,0.8124,3.8434
IDR.MC,411,0.7640,0.0319,0.8091,3.8409
SRE,351,0.7920,0.0268,0.8051,3.8393
AGT.L,395,0.7924,0.0181,0.7954,3.8385
KGF.L,562,0.7295,0.0325,0.8040,3.8356
EXLS,347,0.7839,0.0385,0.8050,3.8351
BBY.L,437,0.7666,0.0311,0.7977,3.8350
GFTU.L,395,0.7620,0.0402,0.8089,3.8349
BRK-B,385,0.7688,0.0251,0.8169,3.8345
HET.L,397,0.7834,0.0205,0.8013,3.8345
OCN.L,424,0.7547,0.0261,0.8178,3.8329
AWK,235,0.8426,0.0270,0.8104,3.8316
GBCI,624,0.7147,0.0318,0.8070,3.8311
GXI.DE,314,0.7930,0.0366,0.8099,3.8297
WAL,388,0.7526,0.0480,0.8140,3.8290
MTSI,315,0.7810,0.0526,0.8092,3.8286
EPAM,256,0.8125,0.0464,0.8113,3.8279
ASHM.L,343,0.7755,0.0425,0.8106,3.8277
JAM.L,380,0.7947,0.0210,0.7937,3.8273
JEDT.L,281,0.8292,0.0246,0.7979,3.8245
QQ.L,332,0.7892,0.0314,0.8084,3.8218
IPGP,348,0.7701,0.0445,0.8114,3.8211
DLB,360,0.7778,0.0322,0.8081,3.8203
PIN.L,446,0.7534,0.0240,0.8113,3.8194
SN.L,524,0.7424,0.0253,0.8009,3.8181
DWNI.DE,310,0.7806,0.0422,0.8168,3.8142
ENS,375,0.7600,0.0444,0.8100,3.8124
IBKR,318,0.7862,0.0368,0.8105,3.8090
DFS,318,0.7862,0.0414,0.8069,3.8085
AEE,344,0.7936,0.0228,0.8029,3.8085
SNR.L,591,0.7107,0.0407,0.8067,3.8084
GDWN.L,505,0.7248,0.0338,0.8163,3.8083
SAN.PA,434,0.7650,0.0247,0.7997,3.8083
BEI.DE,436,0.7592,0.0252,0.8045,3.8070
NDA-FI.HE,388,0.7680,0.0304,0.8066,3.8066
RKT.L,499,0.7535,0.0221,0.7953,3.8064
MRCH.L,398,0.7814,0.0212,0.7964,3.8056
CPAY,226,0.8407,0.0364,0.8051,3.8056
CHRD,292,0.7671,0.0698,0.8161,3.8042
FANG,263,0.7947,0.0571,0.8122,3.8041
VIV.PA,419,0.7613,0.0297,0.8033,3.8040
FNF,366,0.7678,0.0354,0.8102,3.8035
DHL.DE,413,0.7603,0.0303,0.8058,3.8035
RGA,236,0.8305,0.0359,0.8081,3.8014
WMS,202,0.8267,0.0503,0.8238,3.8006
HSIC,510,0.7314,0.0321,0.8071,3.7992
ACA.PA,470,0.7362,0.0335,0.8112,3.7985
EVT.DE,498,0.7129,0.0517,0.8156,3.7984
UTG.L,495,0.7273,0.0366,0.8108,3.7938
LEA,250,0.8160,0.0370,0.8114,3.7936
ACHC,625,0.6928,0.0513,0.8089,3.7936
ENG.MC,334,0.7874,0.0249,0.8082,3.7922
HLMA.L,495,0.7455,0.0269,0.7981,3.7919
PBF,270,0.7815,0.0618,0.8150,3.7885
AD.AS,246,0.8252,0.0247,0.8132,3.7885
UBSI,615,0.7089,0.0300,0.8077,3.7884
IWG.L,358,0.7682,0.0413,0.8050,3.7883
CNH,188,0.8457,0.0482,0.8152,3.7881
FN,291,0.7835,0.0496,0.8112,3.7867
EDIN.L,357,0.7983,0.0193,0.7913,3.7865
SATS,297,0.7879,0.0403,0.8108,3.7859
SSE.L,490,0.7490,0.0226,0.7968,3.7817
FDR.MC,312,0.7756,0.0385,0.8167,3.7802
FER.MC,454,0.7533,0.0285,0.7971,3.7800
HIK.L,334,0.7754,0.0336,0.8109,3.7791
CABK.MC,335,0.7761,0.0350,0.8087,3.7785
MDLZ,318,0.8019,0.0235,0.7984,3.7778
SAIN.L,392,0.7806,0.0201,0.7940,3.7770
QQQ,313,0.7987,0.0289,0.7994,3.7768
MNDI.L,319,0.7806,0.0383,0.8072,3.7739
PPET.L,339,0.7257,0.1043,0.8075,3.7721
ICE,309,0.7799,0.0371,0.8128,3.7714
CELH,383,0.7050,0.0948,0.8210,3.7707
SPT.L,459,0.7342,0.0427,0.8031,3.7695
TEF.MC,378,0.7672,0.0307,0.8026,3.7684
FNB,636,0.7028,0.0288,0.8070,3.7675
JFJ.L,376,0.7739,0.0222,0.8023,3.7649
TCAP.L,395,0.7494,0.0418,0.8059,3.7634
GM,250,0.8080,0.0411,0.8096,3.7629
BLKB,384,0.7578,0.0339,0.8064,3.7614
XYL,212,0.8302,0.0334,0.8172,3.7590
CPG.L,414,0.7536,0.0307,0.8025,3.7578
ST,233,0.8197,0.0384,0.8090,3.7570
BATS.L,435,0.7540,0.0233,0.8011,3.7569
ITX.MC,419,0.7422,0.0278,0.8150,3.7556
FCSS.L,253,0.8142,0.0307,0.8079,3.7543
PAH3.DE,293,0.7782,0.0405,0.8155,3.7530
BKG.L,420,0.7524,0.0301,0.8012,3.7522
IHG.L,353,0.7620,0.0333,0.8116,3.7509
IMB.L,435,0.7517,0.0242,0.8015,3.7502
CTY.L,304,0.8191,0.0199,0.7847,3.7499
MRC.L,272,0.8162,0.0266,0.7976,3.7489
REL.L,335,0.7910,0.0240,0.7955,3.7486
CCR.L,380,0.7500,0.0393,0.8092,3.7486
UPS,341,0.7771,0.0258,0.8059,3.7483
BYG.L,434,0.7419,0.0291,0.8078,3.7474
NOW,243,0.8025,0.0445,0.8132,3.7467
PR,221,0.7873,0.0863,0.8106,3.7459
MAP.MC,325,0.7785,0.0330,0.8048,3.7451
CNA.L,527,0.7249,0.0293,0.8005,3.7440
NAS.L,437,0.7506,0.0195,0.8043,3.7435
MGNS.L,486,0.7366,0.0282,0.7980,3.7405
ERIE,510,0.7294,0.0200,0.8062,3.7405
IRDM,346,0.7601,0.0420,0.8066,3.7370
HSX.L,464,0.7349,0.0274,0.8056,3.7361
BMY.L,510,0.7196,0.0281,0.8095,3.7351
BLD,182,0.8407,0.0460,0.8151,3.7339
VOF.L,345,0.7594,0.0266,0.8190,3.7329
TPK.L,434,0.7419,0.0353,0.7998,3.7322
SAFE.L,346,0.7630,0.0354,0.8071,3.7295
OR.PA,385,0.7584,0.0240,0.8053,3.7250
KDP,272,0.7941,0.0277,0.8136,3.7248
GSK.L,466,0.7382,0.0241,0.8010,3.7215
HCA,273,0.7985,0.0339,0.8029,3.7211
EXPN.L,279,0.7957,0.0316,0.8041,3.7194
PAYC,204,0.8137,0.0520,0.8157,3.7170
SFM,210,0.8190,0.0400,0.8152,3.7164
ABDN.L,321,0.7695,0.0364,0.8069,3.7157
RI.PA,399,0.7494,0.0245,0.8076,3.7149
STAG,216,0.8241,0.0339,0.8100,3.7127
ZAL.DE,196,0.8163,0.0520,0.8181,3.7119
ONB,596,0.7013,0.0252,0.8076,3.7115
MYI.L,412,0.7573,0.0194,0.7981,3.7109
SIGI,640,0.6937,0.0264,0.8061,3.7098
GRI.L,520,0.7173,0.0306,0.8019,3.7087
KEYS,170,0.8529,0.0351,0.8168,3.7076
KRG,361,0.7479,0.0436,0.8062,3.7075
DRX.L,326,0.7638,0.0386,0.8072,3.7075
H,268,0.7910,0.0359,0.8084,3.7060
LWDB.L,342,0.7807,0.0216,0.7949,3.7009
MONY.L,314,0.7611,0.0474,0.8065,3.6989
IEM.L,328,0.7774,0.0201,0.8041,3.6963
EXPO,655,0.6824,0.0318,0.8092,3.6959
WKP.L,443,0.7314,0.0337,0.8019,3.6958
JHG,136,0.8750,0.0449,0.8213,3.6945
JEGI.L,339,0.7906,0.0220,0.7841,3.6925
VST,164,0.8354,0.0509,0.8235,3.6913
FFIN,560,0.7107,0.0242,0.8007,3.6894
TXRH,347,0.7550,0.0333,0.8081,3.6894
SY1.DE,284,0.7887,0.0279,0.8044,3.6863
PANW,244,0.7869,0.0447,0.8145,3.6838
SCT.L,181,0.8398,0.0382,0.8116,3.6824
MUSA,205,0.8195,0.0363,0.8137,3.6817
VNOM,191,0.8220,0.0532,0.8086,3.6804
CZR,233,0.7768,0.0656,0.8144,3.6778
FAF,251,0.8048,0.0294,0.8028,3.6775
WIZZ.L,213,0.8028,0.0537,0.8101,3.6773
QLYS,230,0.7957,0.0478,0.8102,3.6761
MA,293,0.7782,0.0327,0.8046,3.6749
PSX,234,0.8034,0.0388,0.8064,3.6743
O,466,0.7318,0.0228,0.7986,3.6736
CADE,698,0.6819,0.0233,0.8037,3.6734
BAG.L,479,0.7223,0.0223,0.8055,3.6723
DGE.L,406,0.7537,0.0228,0.7926,3.6716
PEN,191,0.8168,0.0505,0.8139,3.6713
ARMK,185,0.8324,0.0366,0.8141,3.6708
PTEC.L,365,0.7397,0.0350,0.8116,3.6678
APTV,225,0.8000,0.0435,0.8102,3.6664
WU,281,0.7829,0.0319,0.8043,3.6659
AMS.MC,249,0.7992,0.0300,0.8064,3.6655
SOI.L,219,0.8265,0.0286,0.7993,3.6650
GWRE,236,0.7966,0.0367,0.8112,3.6633
LYB,234,0.7949,0.0422,0.8096,3.6618
ROVI.MC,287,0.7700,0.0342,0.8115,3.6596
JUP.L,256,0.7891,0.0345,0.8074,3.6573
CRWD,117,0.8632,0.0799,0.8222,3.6568
LOPE,270,0.7741,0.0362,0.8135,3.6555
DSCV.L,511,0.7065,0.0329,0.8026,3.6538
GIVN.SW,364,0.7555,0.0214,0.8025,3.6533
IQV,181,0.8287,0.0369,0.8166,3.6517
SRP.L,460,0.7196,0.0293,0.8038,3.6514
V,231,0.8139,0.0289,0.8002,3.6498
KGX.DE,213,0.7981,0.0447,0.8153,3.6475
TEP.L,506,0.6996,0.0351,0.8087,3.6475
RCP.L,459,0.7320,0.0172,0.7989,3.6472
HWM,164,0.8415,0.0435,0.8134,3.6469
OLLI,195,0.8051,0.0526,0.8151,3.6462
CBG.L,389,0.7481,0.0269,0.7955,3.6461
AENA.MC,172,0.8314,0.0307,0.8247,3.6418
CBOE,261,0.7854,0.0256,0.8113,3.6393
DNLM.L,383,0.7337,0.0371,0.8035,3.6384
GLPI,161,0.8634,0.0326,0.8019,3.6371
WTW,350,0.7571,0.0227,0.8009,3.6343
FBIN,238,0.7941,0.0350,0.8074,3.6342
BRSC.L,288,0.7847,0.0227,0.7991,3.6339
HFG.DE,140,0.8286,0.0803,0.8200,3.6324
LNTH,210,0.7857,0.0614,0.8138,3.6320
VAC,250,0.7720,0.0475,0.8128,3.6318
WING,202,0.7921,0.0546,0.8176,3.6286
SHC.L,289,0.7612,0.0337,0.8131,3.6278
JMAT.L,427,0.7330,0.0278,0.7941,3.6253
IR,157,0.8471,0.0415,0.8111,3.6233
COL.MC,415,0.7108,0.0410,0.8117,3.6223
IRT,188,0.8245,0.0323,0.8112,3.6190
UNI.MC,152,0.8289,0.0467,0.8289,3.6180
GRG.L,480,0.7167,0.0248,0.7976,3.6176
HILS.L,487,0.7043,0.0312,0.8037,3.6133
BRGE.L,253,0.7984,0.0237,0.7978,3.6107
CHX,159,0.7987,0.0843,0.8211,3.6089
CCC.L,450,0.7111,0.0327,0.8039,3.6080
IPO.L,404,0.7129,0.0421,0.8085,3.6063
PCTY,223,0.7848,0.0471,0.8108,3.6052
SGE.L,414,0.7367,0.0217,0.7943,3.6041
RDC.DE,169,0.8166,0.0602,0.8104,3.6031
LR.PA,303,0.7591,0.0308,0.8040,3.5963
NCC.L,399,0.7193,0.0346,0.8063,3.5948
STWD,188,0.8298,0.0293,0.8011,3.5864
MEGP.L,515,0.6835,0.0453,0.8030,3.5834
ACM,344,0.7442,0.0327,0.7977,3.5824
VC,256,0.7656,0.0445,0.8072,3.5822
UU.L,467,0.7195,0.0204,0.7936,3.5821
SGRO.L,340,0.7559,0.0260,0.7918,3.5810
ALLY,202,0.8020,0.0375,0.8099,3.5804
LRE.L,355,0.7408,0.0279,0.7997,3.5779
REXR,204,0.8088,0.0290,0.8076,3.5778
FEML.L,246,0.8049,0.0198,0.7904,3.5747
SLR.MC,344,0.7035,0.0567,0.8228,3.5745
NSA,186,0.8172,0.0343,0.8075,3.5706
ALLE,179,0.8268,0.0311,0.8061,3.5688
PSTG,201,0.7761,0.0489,0.8251,3.5657
PM,227,0.7974,0.0235,0.8044,3.5641
GNS.L,461,0.6963,0.0337,0.8061,3.5597
BNR.DE,227,0.7930,0.0270,0.8048,3.5585
DG,228,0.7807,0.0331,0.8118,3.5578
INVH,126,0.8810,0.0352,0.8044,3.5535
PNN.L,467,0.7066,0.0234,0.7989,3.5523
TSCO.L,442,0.7149,0.0226,0.7969,3.5504
CG,236,0.7712,0.0371,0.8117,3.5497
GMED,222,0.7838,0.0318,0.8115,3.5485
ICGT.L,417,0.7218,0.0216,0.7971,3.5477
CURY.L,320,0.7281,0.0414,0.8105,3.5468
ABBV,232,0.7759,0.0289,0.8140,3.5422
HLNE,155,0.8258,0.0470,0.8110,3.5408
ELM.L,540,0.6778,0.0378,0.7994,3.5388
BRBR,103,0.8738,0.0504,0.8301,3.5386
KMI,210,0.7905,0.0290,0.8126,3.5375
HOMB,335,0.7313,0.0295,0.8060,3.5300
HPE,167,0.8144,0.0468,0.8075,3.5273
NWE,238,0.7815,0.0256,0.8034,3.5264
RRTL.DE,184,0.8043,0.0300,0.8152,3.5256
GDDY,183,0.8033,0.0397,0.8093,3.5246
TMHC,223,0.7803,0.0410,0.8018,3.5244
EVK.DE,176,0.8125,0.0298,0.8136,3.5237
META,233,0.7682,0.0400,0.8084,3.5233
GLEN.L,275,0.7418,0.0462,0.8073,3.5211
VNA.DE,186,0.8065,0.0344,0.8065,3.5193
NESN.SW,317,0.7539,0.0188,0.7943,3.5155
FND,167,0.7904,0.0549,0.8225,3.5140
SCMN.SW,338,0.7337,0.0201,0.8053,3.5117
KNSL,184,0.7989,0.0410,0.8084,3.5099
HLT,169,0.8107,0.0387,0.8115,3.5093
SAIC,188,0.7926,0.0343,0.8154,3.5038
BURL,216,0.7685,0.0407,0.8137,3.5010
NVT,121,0.8595,0.0418,0.8136,3.4999
DHER.DE,140,0.8071,0.0713,0.8179,3.4997
HGT.L,359,0.7242,0.0202,0.8043,3.4981
VRSK,212,0.7925,0.0235,0.8045,3.4981
BERY,222,0.7838,0.0290,0.8018,3.4966
NN.AS,172,0.8140,0.0292,0.8084,3.4899
CFG,172,0.7965,0.0423,0.8157,3.4898
STLAP.PA,216,0.7731,0.0400,0.8065,3.4888
ONTO,114,0.8333,0.0695,0.8250,3.4887
JUST.L,216,0.7685,0.0471,0.8058,3.4884
FIVE,227,0.7621,0.0465,0.8051,3.4859
IGG.L,344,0.7238,0.0286,0.8012,3.4857
PFGC,169,0.7929,0.0568,0.8098,3.4848
HAS.L,510,0.6804,0.0287,0.7981,3.4839
NCLH,239,0.7406,0.0602,0.8092,3.4821
AMH,175,0.8114,0.0280,0.8071,3.4811
PRX.AS,100,0.8600,0.0579,0.8290,3.4808
TRN.MI,306,0.7484,0.0192,0.7964,3.4786
NG.L,334,0.7365,0.0204,0.7957,3.4767
DWS.DE,109,0.8532,0.0440,0.8294,3.4725
POST,208,0.7788,0.0304,0.8089,3.4681
PYPL,143,0.8322,0.0411,0.8049,3.4658
TLX.DE,207,0.7826,0.0275,0.8072,3.4649
G,284,0.7500,0.0259,0.7956,3.4601
DOCU,139,0.8058,0.0621,0.8151,3.4472
WDAY,236,0.7500,0.0419,0.8064,3.4456
VVV,147,0.8231,0.0351,0.8088,3.4437
RWI.L,439,0.6902,0.0308,0.7951,3.4432
POR,260,0.7500,0.0231,0.8060,3.4413
PHNX.L,232,0.7586,0.0284,0.8075,3.4344
PLNT,194,0.7629,0.0503,0.8126,3.4333
3IN.L,203,0.7980,0.0193,0.7936,3.4330
GEN.L,226,0.7478,0.0392,0.8137,3.4305
ELF,175,0.7657,0.0592,0.8180,3.4302
CDW,204,0.7794,0.0318,0.8005,3.4266
KHC,131,0.8397,0.0316,0.8092,3.4225
FGT.L,345,0.7275,0.0170,0.7910,3.4219
TMPL.L,368,0.7228,0.0181,0.7864,3.4206
COTY,210,0.7476,0.0501,0.8136,3.4183
DUOL,78,0.8590,0.0881,0.8365,3.4163
PK,137,0.8029,0.0522,0.8201,3.4138
AGR.L,351,0.7066,0.0281,0.8007,3.4106
HIMS,126,0.7619,0.1035,0.8369,3.4086
CCH.L,207,0.7729,0.0263,0.8048,3.4079
RACE.MI,159,0.8050,0.0327,0.8069,3.4045
AUTO.L,152,0.8092,0.0312,0.8099,3.3994
OGS,190,0.7842,0.0265,0.8039,3.3991
PLTR,101,0.8317,0.0837,0.8149,3.3966
DELL,142,0.8099,0.0441,0.8092,3.3954
HFG.L,291,0.7251,0.0261,0.8038,3.3949
EQH,124,0.8306,0.0483,0.8073,3.3941
1COV.DE,173,0.7861,0.0362,0.8064,3.3886
SMWH.L,334,0.7066,0.0263,0.8033,3.3869
UA,158,0.7785,0.0562,0.8117,3.3830
USFD,153,0.7974,0.0378,0.8114,3.3823
LEG.DE,188,0.7713,0.0325,0.8090,3.3771
PLUS.L,231,0.7359,0.0439,0.8067,3.3754
HLE.DE,193,0.7772,0.0295,0.8003,3.3730
AM,142,0.7887,0.0574,0.8148,3.3725
CLNX.MC,164,0.7927,0.0342,0.8052,3.3704
PETS.L,214,0.7477,0.0398,0.8065,3.3676
IDS.L,206,0.7573,0.0364,0.8032,3.3614
HVPE.L,186,0.7796,0.0172,0.8102,3.3609
TBCG.L,169,0.7751,0.0439,0.8083,3.3589
HLI,158,0.7848,0.0349,0.8158,3.3586
FTV,120,0.8417,0.0319,0.8063,3.3583
BRX,173,0.7861,0.0279,0.8049,3.3556
WH,113,0.8496,0.0386,0.8018,3.3505
LOG.MC,129,0.8372,0.0256,0.8016,3.3502
ZTS,190,0.7842,0.0270,0.7916,3.3486
UBER,120,0.8000,0.0592,0.8217,3.3389
OSB.L,219,0.7397,0.0354,0.8068,3.3331
WFRD,98,0.8163,0.0772,0.8245,3.3315
COA.L,364,0.6868,0.0295,0.7985,3.3311
MEDP,148,0.7905,0.0424,0.8074,3.3295
MRNA,127,0.7638,0.0919,0.8228,3.3294
HWG.L,467,0.6488,0.0383,0.8020,3.3221
VOYA,167,0.7904,0.0312,0.7949,3.3200
G24.DE,132,0.8182,0.0268,0.8080,3.3194
PSN,107,0.8505,0.0389,0.8023,3.3191
8TRA.DE,98,0.8469,0.0429,0.8168,3.3155
DEC.L,154,0.7792,0.0429,0.8078,3.3108
KNOS.L,212,0.7406,0.0441,0.7986,3.3105
VICI,95,0.8737,0.0384,0.7979,3.3042
LMP.L,219,0.7443,0.0232,0.8027,3.2974
NBPE.L,212,0.7547,0.0222,0.7972,3.2971
NWSA,175,0.7600,0.0318,0.8126,3.2947
APPF,191,0.7435,0.0445,0.8068,3.2938
ALGM,99,0.8182,0.0642,0.8207,3.2908
ADYEN.AS,139,0.7770,0.0486,0.8155,3.2833
SYF,182,0.7473,0.0378,0.8121,3.2809
HICL.L,215,0.7488,0.0160,0.8021,3.2801
PCFT.L,153,0.8039,0.0197,0.7941,3.2788
USA.L,129,0.8062,0.0337,0.8081,3.2781
CRST.L,234,0.7137,0.0378,0.8096,3.2737
ESNT,202,0.7376,0.0320,0.8087,3.2708
DT,98,0.8265,0.0551,0.8148,3.2652
ENR.DE,98,0.8163,0.0600,0.8209,3.2640
FOUR,86,0.8372,0.0720,0.8140,3.2624
PFD.L,399,0.6491,0.0399,0.8053,3.2567
LIN.DE,108,0.7685,0.1251,0.8023,3.2545
GROW.L,152,0.7500,0.0538,0.8164,3.2461
SPI.L,193,0.7409,0.0326,0.8047,3.2429
DAY,122,0.7869,0.0477,0.8172,3.2419
AXTA,169,0.7633,0.0314,0.8018,3.2419
DLG.L,195,0.7487,0.0228,0.8018,3.2409
SSPG.L,168,0.7619,0.0357,0.8006,3.2408
BHF,141,0.7872,0.0459,0.7940,3.2398
CPRI,242,0.7025,0.0408,0.8066,3.2396
AVTR,108,0.8241,0.0396,0.8042,3.2322
VEIL.L,131,0.8015,0.0248,0.8031,3.2208
LW,134,0.7910,0.0336,0.8026,3.2191
CTVA,109,0.8257,0.0390,0.7982,3.2186
BREE.L,240,0.7042,0.0309,0.8073,3.2143
BME.L,166,0.7651,0.0280,0.7973,3.2093
DBX,130,0.7923,0.0393,0.7992,3.2084
CNXC,75,0.8667,0.0525,0.8113,3.2050
PPH.L,287,0.6864,0.0233,0.8057,3.2049
ALPH.L,163,0.7423,0.0512,0.8021,3.1922
AAF.L,107,0.7944,0.0572,0.8098,3.1845
CNM,68,0.8824,0.0420,0.8169,3.1801
PNL.L,259,0.7220,0.0082,0.7855,3.1795
NWS,181,0.7403,0.0270,0.8008,3.1687
SRE.L,348,0.6552,0.0310,0.7977,3.1550
IHP.L,149,0.7584,0.0300,0.8057,3.1536
PHP.L,380,0.6553,0.0157,0.7959,3.1480
PSH.L,118,0.7881,0.0337,0.8085,3.1478
RICA.L,203,0.7389,0.0106,0.7916,3.1437
AT1.DE,142,0.7535,0.0384,0.8067,3.1327
MRL.MC,161,0.7516,0.0268,0.7969,3.1286
LIVN,161,0.7453,0.0321,0.7994,3.1284
MTRO.L,200,0.6900,0.0482,0.8145,3.1242
DTG.DE,54,0.9074,0.0405,0.8250,3.1213
SHL.DE,115,0.8000,0.0303,0.7957,3.1175
RHIM.L,141,0.7447,0.0434,0.8074,3.1091
CHWY,99,0.7677,0.0707,0.8192,3.1009
MNG.L,82,0.8293,0.0392,0.8140,3.0999
BILL,96,0.7708,0.0723,0.8193,3.0980
CLDN.L,251,0.6853,0.0196,0.8018,3.0977
HGV,136,0.7500,0.0461,0.8022,3.0967
CMCX.L,181,0.7072,0.0443,0.8050,3.0936
ABI.BR,470,0.6149,0.0139,0.8048,3.0881
QLT.L,141,0.7376,0.0340,0.8117,3.0679
CEG,68,0.8382,0.0501,0.8206,3.0584
BOWL.L,155,0.7355,0.0332,0.7965,3.0562
FAN.L,194,0.6959,0.0331,0.8054,3.0531
WOSG.L,107,0.7570,0.0567,0.8150,3.0524
TRN.L,121,0.7438,0.0498,0.8132,3.0505
PAY.L,381,0.6220,0.0259,0.8010,3.0391
ABNB,75,0.8133,0.0522,0.8193,3.0365
BBH.L,149,0.7383,0.0282,0.7973,3.0325
BJ,133,0.7444,0.0390,0.7981,3.0233
ESAB,53,0.8679,0.0470,0.8340,3.0231
BHMG.L,216,0.6898,0.0123,0.8037,3.0193
DTM,54,0.8704,0.0362,0.8287,2.9952
IBST.L,182,0.7033,0.0303,0.7929,2.9928
ZI,91,0.7802,0.0417,0.8060,2.9624
INPP.L,163,0.7178,0.0132,0.7969,2.9559
CGT.L,316,0.6361,0.0089,0.7970,2.9454
HBR.L,74,0.7838,0.0523,0.8257,2.9402
ALC.SW,86,0.8023,0.0316,0.7948,2.9378
FOXA,94,0.7553,0.0379,0.8229,2.9377
BBOX.L,151,0.7152,0.0220,0.7921,2.9088
AML.L,113,0.6991,0.0857,0.8084,2.9061
AG1.DE,80,0.7500,0.0731,0.8137,2.8780
CARR,85,0.7765,0.0315,0.8053,2.8729
ALFA.L,107,0.7196,0.0501,0.8098,2.8652
ROIV,80,0.7750,0.0555,0.7956,2.8601
ENOG.L,128,0.7031,0.0480,0.7980,2.8578
MOON.L,92,0.7500,0.0451,0.8027,2.8518
RYAN,65,0.8154,0.0345,0.8054,2.8464
GCP.L,154,0.6948,0.0147,0.8000,2.8445
UKW.L,130,0.7077,0.0196,0.8058,2.8346
VNT,64,0.7969,0.0350,0.8227,2.8323
CTEC.L,147,0.6803,0.0279,0.8105,2.8322
SYNC.L,182,0.6648,0.0249,0.7962,2.8260
JTC.L,145,0.6897,0.0263,0.8010,2.8255
NXT,35,0.8857,0.0766,0.8214,2.8070
VAL,58,0.7931,0.0610,0.8172,2.8042
WMG,81,0.7531,0.0465,0.8074,2.8040
AJB.L,134,0.6940,0.0316,0.7981,2.8031
DOW,98,0.7245,0.0295,0.8082,2.7699
TRST.L,75,0.7467,0.0595,0.8067,2.7636
AO.L,207,0.6232,0.0413,0.7969,2.7599
DASH,76,0.7500,0.0547,0.8026,2.7579
EDV.L,93,0.7097,0.0391,0.8215,2.7524
TMV.DE,87,0.7356,0.0312,0.8103,2.7524
KBX.DE,94,0.7234,0.0277,0.8128,2.7517
BBGI.L,162,0.6667,0.0157,0.7960,2.7453
BCG.L,69,0.7681,0.0470,0.8014,2.7382
XPS.L,124,0.6855,0.0309,0.8024,2.7378
FOX,83,0.7349,0.0335,0.8120,2.7329
SSON.L,85,0.7647,0.0191,0.7841,2.7220
TRIG.L,148,0.6689,0.0176,0.7963,2.7123
ESP.L,141,0.6667,0.0182,0.7961,2.6782
THG.L,74,0.7027,0.0749,0.8135,2.6529
KD,66,0.7424,0.0442,0.8091,2.6374
HAG.DE,76,0.7105,0.0499,0.8092,2.6221
FYBR,54,0.7778,0.0523,0.7972,2.6148
GXO,60,0.7500,0.0430,0.8075,2.5968
ACI,66,0.7273,0.0302,0.8242,2.5966
YETI,110,0.6636,0.0425,0.7964,2.5947
BAKK.L,125,0.6480,0.0336,0.7944,2.5733
CHRY.L,123,0.6504,0.0292,0.7959,2.5682
NVST,81,0.7037,0.0292,0.8031,2.5631
NESF.L,122,0.6557,0.0156,0.7971,2.5545
FGEN.L,113,0.6726,0.0141,0.7889,2.5486
SEIT.L,67,0.7164,0.0339,0.8149,2.5469
EXE,58,0.7414,0.0361,0.8103,2.5380
GEHC,27,0.8889,0.0375,0.8241,2.5324
FSFL.L,111,0.6847,0.0101,0.7752,2.5298
AMCR,102,0.6765,0.0208,0.7853,2.5133
URW.PA,28,0.8929,0.0372,0.8054,2.5113
APAX.L,154,0.6169,0.0177,0.7896,2.5002
R3NK.DE,15,0.9333,0.1168,0.8500,2.4566
ONT.L,56,0.7143,0.0578,0.8027,2.4521
BSIF.L,112,0.6518,0.0130,0.7830,2.4442
ROO.L,69,0.6957,0.0314,0.7964,2.4276
THRL.L,196,0.5714,0.0111,0.7921,2.4179
DOCS.L,67,0.6866,0.0340,0.8000,2.3964
DOCS,62,0.6774,0.0531,0.8065,2.3835
BPT.L,77,0.6623,0.0408,0.7935,2.3833
N91.L,89,0.6517,0.0253,0.7899,2.3750
BYIT.L,76,0.6711,0.0265,0.7914,2.3681
HTWS.L,86,0.6395,0.0329,0.8017,2.3652
SHED.L,151,0.5762,0.0239,0.7934,2.3514
OTIS,58,0.6897,0.0230,0.8095,2.3288
SHC,55,0.6909,0.0348,0.8000,2.3023
SUPR.L,107,0.6168,0.0086,0.7874,2.2936
DWL.L,23,0.8261,0.0668,0.8130,2.2772
ATG.L,56,0.6786,0.0309,0.8009,2.2652
TFIF.L,96,0.6146,0.0068,0.7828,2.2158
ANE.MC,48,0.6667,0.0289,0.8073,2.1552
CAVA,20,0.8000,0.0600,0.8300,2.1428
PHLL.L,59,0.6271,0.0243,0.7915,2.0817
POLN.L,97,0.5464,0.0132,0.7902,2.0058
HLN.L,26,0.7308,0.0227,0.8115,1.9990
SEQI.L,112,0.5179,0.0087,0.7875,1.9446
CR,24,0.7083,0.0334,0.8125,1.9144
P911.DE,28,0.6786,0.0270,0.8000,1.8772
CART,21,0.7143,0.0449,0.7952,1.8346
WPS.L,59,0.5424,0.0226,0.8025,1.8225
FSG.L,54,0.5370,0.0323,0.7963,1.7691
ITH.L,38,0.5526,0.0406,0.8171,1.7214
KVUE,17,0.7059,0.0173,0.7853,1.6299
VLTO,12,0.7500,0.0174,0.7833,1.5331
KNF,23,0.6087,0.0225,0.7717,1.5264
GEV,8,0.7500,0.0591,0.7625,1.3308
SOLV,6,0.6667,0.0169,0.7250,0.9565
PUIG.MC,3,0.6667,0.0219,0.7667,0.7241
RPI.L,1,1.0000,0.0701,0.7000,0.5192
